{"metadata":{"asset_id":"1cb8660c-f346-4f9d-a5f3-1c85c71eabbe","asset_attributes":["data_asset","directory_asset"],"name":"Document-watson.docx","asset_type":"data_asset","created_at":"2025-04-25T13:23:50Z","origin_country":"us","owner_id":"IBMid-693000GJ91","project_id":"796178ff-2f83-4bf8-9639-d5bb107c2fdf","size":2605,"usage":{"last_update_time":1745587430102,"last_updated_at":"2025-04-25T13:23:50Z"}},"entity":{"data_asset":{"mime_type":"application/vnd.openxmlformats-officedocument.wordprocessingml.document","dataset":false},"directory_asset":{"path":""}},"attachments":[{"id":"7b9f0b0d-9d5a-4246-bb05-bae27cbeaf1e","version":2,"asset_type":"data_asset","name":"Document-watson.docx","mime":"application/vnd.openxmlformats-officedocument.wordprocessingml.document","datasource_type":"193a97c1-4475-4a19-b90c-295c4fdc6517","object_key":"Document-watson.docx","creator_id":"IBMid-693000GJ91","create_time":1745587439484,"size":2605,"is_remote":false,"is_managed":false,"is_referenced":true,"is_object_key_read_only":true,"is_user_provided_path_key":true,"transfer_complete":true,"is_partitioned":false,"complete_time_ticks":1745587439484,"user_data":{},"test_doc":0,"handle":{"bucket":"watsonxchallengesandbox-donotdelete-pr-mzriyyuarpdxmo","location":"us-south","type":"bluemix_cos","key":"Document-watson.docx","upload_id":"done","max_part_num":1},"usage":{"access_count":0,"last_accessor_id":"IBMid-693000GJ91","last_access_time":1745587439484}}]}
