{"id":"1b213842-cf1a-4dd9-969e-b328c44d7194","name":"Document-watson","description":"","created_at":1745587453504,"created_by":"IBMid-693000GJ91","last_updated_at":1745587459561,"last_updated_by":"IBMid-693000GJ91","data_assets":["1cb8660c-f346-4f9d-a5f3-1c85c71eabbe"],"store":{"type":"memory"},"settings":{"chunk_size":2000,"chunk_overlap":200,"split_pdf_pages":true,"top_k":3,"rerank":false,"embedding_model_id":"ibm/granite-embedding-107m-multilingual"},"status":"ready","attachment_object_key":"vector_index/Document-watson__da__789egfsq68.gz"}
