{"operation":"remove_lock","lockedBy":{"user_email":"sandranneka34@gmail.com","user":"sandranneka34@gmail.com","iam_id":"IBMid-693000GJ91","user_role":"editor"},"markdown":"Type project notes, goals, reminders, or instructions.\n\nProject Notes: AI-Powered Meeting Buddy\n🚀 Project Goals\nAutomate meeting transcription and summarization using IBM Granite models.\n\nEnhance workplace productivity by providing structured summaries and action items.\n\nEnsure AI can recognize different accents for accurate speech-to-text conversion.\n\nAlign with Hackathon Theme: \"Make Work Less Boring.\"\n\n🔔 Key Reminders\n✅ Use Granite-3-8B-Instruct for structured responses and summarization.\n\n✅ Dataset must follow compliance guidelines (no personal/confidential data).\n\n✅ Test AI responses in Watsonx Prompt Lab before submission.\n\n✅ Optimize prompts for clarity and accuracy.\n\n📌 Development Checklist\n1️⃣ Setup & Model Selection\nRegister on IBM Watsonx.ai and access Watsonx Challenge Sandbox.\n\nSelect Granite-3-8B-Instruct for summarization tasks.\n\nUpload and validate meeting transcript dataset.\n\n2️⃣ AI Training & Optimization\nRefine prompts for meeting summaries and action item extraction.\n\nAdjust AI parameters (temperature, response length, relevance tuning).\n\nValidate outputs with sample meetings.\n\n3️⃣ Final Submission Preparation\nExport project files from Watsonx.ai..\n\nPrepare a demo showcasing AI-generated meeting summaries.\n\nEnsure submission meets Hackathon Guidelines."}